"rhi","al.l","ss","g","n","ms.r","or.l","zy.l","ms.l"
0.333333333333333,0.333333333333333,0.333333333333333,0.333333333333333,0.333333333333333,0.333333333333333,0.333333333333333,0.333333333333333,0.333333333333333
