"component","proportion"
"_angle",0.224215246636771
"_area",0.766816143497758
"_distance",0.00896860986547085
