"rhi","al.l","ss","or.l","zy.l","ms.l","g","n","ms.r"
0.333333333333333,0.333333333333333,0.333333333333333,0.333333333333333,0.333333333333333,0.333333333333333,0.333333333333333,0.333333333333333,0.333333333333333
