"component","proportion"
"_angle",0.378504672897196
"_area",0.588785046728972
"_distance",0.0327102803738318
